Comune;Provincia;Regione;Nome;Anno inserimento;Data e ora inserimento;Identificatore in OpenStreetMap;Longitudine;Latitudine
CHIERI;CITTA' METROPOLITANA DI TORINO;Piemonte;;2016;2016-02-11T17:12:55Z;1739742895;7.8361731;45.0160404
IVREA;CITTA' METROPOLITANA DI TORINO;Piemonte;Piscina La Serra;2014;2014-02-05T08:54:45Z;1948960015;7.8795126;45.466211
POIRINO;CITTA' METROPOLITANA DI TORINO;Piemonte;;2013;2013-06-26T13:54:46Z;2361683878;7.8517774;44.9184546999999
PRAGELATO;CITTA' METROPOLITANA DI TORINO;Piemonte;;2012;2012-10-01T15:36:53Z;1941579463;6.9648873;45.0327321999999
RIVOLI;CITTA' METROPOLITANA DI TORINO;Piemonte;;2012;2012-07-09T19:14:13Z;1790054621;7.5495064;45.0730697999999
TORINO;CITTA' METROPOLITANA DI TORINO;Piemonte;;2012;2012-09-25T05:28:24Z;1855080479;7.6354782;45.0463524
TORINO;CITTA' METROPOLITANA DI TORINO;Piemonte;;2013;2013-01-05T23:50:43Z;2097331540;7.6835583;45.0849882999999
TORINO;CITTA' METROPOLITANA DI TORINO;Piemonte;;2013;2013-02-14T11:32:19Z;2154344126;7.7175249;45.0791212999999
TORINO;CITTA' METROPOLITANA DI TORINO;Piemonte;Franzoj;2013;2013-04-15T18:11:42Z;2028421667;7.6164854;45.0822068
TORINO;CITTA' METROPOLITANA DI TORINO;Piemonte;Piscina Sebastopoli;2013;2013-03-23T20:48:58Z;1855080478;7.6366514;45.0485291
CARESANA;VERCELLI;Piemonte;Piscine Comunali;2012;2012-01-16T11:48:54Z;1592619315;8.5088232;45.2189055999999
ARONA;NOVARA;Piemonte;;2013;2013-01-12T21:28:08Z;2107874248;8.5370043;45.7819577
ARONA;NOVARA;Piemonte;;2013;2013-01-12T21:58:54Z;2107910514;8.5327959;45.7790881999999
ARONA;NOVARA;Piemonte;;2013;2013-01-12T22:06:33Z;2107923863;8.5351401;45.7773017
ARONA;NOVARA;Piemonte;;2013;2013-01-12T22:34:45Z;2108015985;8.5361325;45.7757565
ARONA;NOVARA;Piemonte;;2013;2013-01-17T19:00:24Z;2116644875;8.5459563;45.7621423
ARONA;NOVARA;Piemonte;;2013;2013-01-19T14:14:37Z;2119279274;8.5555587;45.7540843
ARONA;NOVARA;Piemonte;;2015;2015-11-19T13:27:14Z;2119279265;8.5579131;45.7559777999999
BORGO TICINO;NOVARA;Piemonte;;2013;2013-01-20T16:28:52Z;2121283409;8.58794939999999;45.7066232999999
COLAZZA;NOVARA;Piemonte;;2013;2013-01-14T17:35:07Z;2111002189;8.5015863;45.7910704
COLAZZA;NOVARA;Piemonte;;2013;2013-01-14T17:42:43Z;2111015438;8.4958344;45.7884336999999
COLAZZA;NOVARA;Piemonte;;2013;2013-01-14T17:50:37Z;2111021974;8.502666;45.7931243
COLAZZA;NOVARA;Piemonte;;2013;2013-01-14T17:50:37Z;2111021975;8.5022863;45.7938382999999
COLAZZA;NOVARA;Piemonte;;2013;2013-01-14T17:54:52Z;2111027178;8.4971997;45.7942725999999
COLAZZA;NOVARA;Piemonte;;2013;2013-01-14T18:59:43Z;2111173877;8.49446919999999;45.7905509
COLAZZA;NOVARA;Piemonte;;2013;2013-01-14T19:15:17Z;2111198619;8.5006704;45.7914784999999
COMIGNAGO;NOVARA;Piemonte;;2013;2013-01-21T18:51:28Z;2122830696;8.5598127;45.7141343999999
COMIGNAGO;NOVARA;Piemonte;;2013;2013-01-21T18:51:28Z;2122830702;8.5583911;45.7133404
DORMELLETTO;NOVARA;Piemonte;;2013;2013-01-19T19:57:41Z;2119827136;8.5658583;45.7453100999999
LESA;NOVARA;Piemonte;;2013;2013-01-11T21:07:46Z;2106327100;8.54052989999999;45.8065021
LESA;NOVARA;Piemonte;;2013;2013-01-11T21:11:53Z;2106332422;8.5392209;45.8081175
LESA;NOVARA;Piemonte;;2013;2013-01-11T21:27:02Z;2106355776;8.542343;45.8136009999999
LESA;NOVARA;Piemonte;;2013;2013-01-11T21:45:43Z;2106372071;8.54684909999999;45.8204466999999
LESA;NOVARA;Piemonte;;2013;2013-01-11T21:45:43Z;2106372080;8.5475303;45.8201083
LESA;NOVARA;Piemonte;;2013;2013-01-11T22:33:54Z;2106411518;8.5486702;45.8205511999999
LESA;NOVARA;Piemonte;;2013;2013-01-12T09:19:13Z;2106777109;8.5505265;45.8217682
LESA;NOVARA;Piemonte;;2013;2013-01-12T10:38:25Z;2106842200;8.5535052;45.8205355999999
LESA;NOVARA;Piemonte;;2013;2013-01-12T10:45:24Z;2106847977;8.5476875;45.8183185999999
LESA;NOVARA;Piemonte;;2013;2013-01-12T11:04:14Z;2106870158;8.54584479999999;45.8154398
LESA;NOVARA;Piemonte;;2013;2013-01-12T11:54:08Z;2106928356;8.5386297;45.8059236
LESA;NOVARA;Piemonte;;2013;2013-01-12T16:56:54Z;2107290850;8.53814689999999;45.8033957
LESA;NOVARA;Piemonte;;2013;2013-01-25T16:50:14Z;2127756179;8.5575823;45.8203152
LESA;NOVARA;Piemonte;;2013;2013-01-25T16:50:14Z;2127756217;8.55749679999999;45.8195809999999
LESA;NOVARA;Piemonte;;2013;2013-01-25T16:50:15Z;2127756250;8.5578318;45.8194554999999
LESA;NOVARA;Piemonte;;2013;2013-01-25T17:51:16Z;2127876655;8.5595111;45.8231157
MASSINO VISCONTI;NOVARA;Piemonte;;2013;2013-01-11T21:42:40Z;2106370002;8.5428929;45.8179361999999
MASSINO VISCONTI;NOVARA;Piemonte;;2013;2013-01-11T21:45:43Z;2106372067;8.5431262;45.8193474999999
MASSINO VISCONTI;NOVARA;Piemonte;;2013;2013-01-11T21:58:56Z;2106383083;8.5409857;45.8197605
MASSINO VISCONTI;NOVARA;Piemonte;;2013;2013-01-11T21:58:59Z;2106383262;8.541447;45.8193474999999
MASSINO VISCONTI;NOVARA;Piemonte;;2013;2013-01-11T22:27:52Z;2106405949;8.54331389999999;45.8217924
MASSINO VISCONTI;NOVARA;Piemonte;;2013;2013-01-12T10:49:24Z;2106851790;8.5397535;45.8214927
MASSINO VISCONTI;NOVARA;Piemonte;;2013;2013-01-12T11:02:29Z;2106863549;8.54265919999999;45.8219846
MASSINO VISCONTI;NOVARA;Piemonte;;2013;2013-01-12T11:02:29Z;2106863550;8.54239089999999;45.8222724999999
MASSINO VISCONTI;NOVARA;Piemonte;;2013;2013-01-12T11:02:29Z;2106863553;8.5434853;45.8240484
MASSINO VISCONTI;NOVARA;Piemonte;;2013;2013-01-12T11:02:29Z;2106863582;8.5432975;45.8235959
MASSINO VISCONTI;NOVARA;Piemonte;;2013;2013-01-12T11:02:29Z;2106863610;8.5437428;45.8224146
MASSINO VISCONTI;NOVARA;Piemonte;;2013;2013-01-12T11:02:29Z;2106863627;8.5443275;45.8231923
MASSINO VISCONTI;NOVARA;Piemonte;;2013;2013-01-12T11:30:42Z;2106908692;8.53661529999999;45.8118878
MASSINO VISCONTI;NOVARA;Piemonte;;2013;2013-01-12T11:36:01Z;2106912082;8.53824419999999;45.8167544
MASSINO VISCONTI;NOVARA;Piemonte;;2013;2013-01-12T11:39:26Z;2106914582;8.5344159;45.8122953
MASSINO VISCONTI;NOVARA;Piemonte;;2013;2013-01-12T15:45:00Z;2107201905;8.5339655;45.8127049
MASSINO VISCONTI;NOVARA;Piemonte;;2013;2013-01-12T15:45:01Z;2107201912;8.5338178;45.8119288999999
MASSINO VISCONTI;NOVARA;Piemonte;;2013;2013-01-12T15:45:01Z;2107201915;8.5333217;45.8127534999999
MASSINO VISCONTI;NOVARA;Piemonte;;2013;2013-01-12T16:20:48Z;2107239575;8.5390913;45.8199785999999
MEINA;NOVARA;Piemonte;;2013;2013-01-11T11:33:17Z;2105500926;8.53741469999999;45.8025882
MEINA;NOVARA;Piemonte;;2013;2013-01-11T11:33:17Z;2105500943;8.53786539999999;45.8008584999999
MEINA;NOVARA;Piemonte;;2013;2013-01-11T11:33:18Z;2105500962;8.5372281;45.802095
MEINA;NOVARA;Piemonte;;2013;2013-01-11T11:37:43Z;2105505084;8.5368901;45.7991499
MEINA;NOVARA;Piemonte;;2013;2013-01-12T17:27:23Z;2107358425;8.5354942;45.799151
MEINA;NOVARA;Piemonte;;2013;2013-01-12T17:27:23Z;2107358436;8.5356792;45.7962729999999
MEINA;NOVARA;Piemonte;;2013;2013-01-12T17:27:23Z;2107358446;8.5349336;45.7955905
MEINA;NOVARA;Piemonte;;2013;2013-01-12T17:29:32Z;2107365306;8.5351053;45.7993492
MEINA;NOVARA;Piemonte;;2013;2013-01-12T20:08:54Z;2107770150;8.5376051;45.7939465999999
MEINA;NOVARA;Piemonte;;2013;2013-01-12T20:17:31Z;2107781825;8.5347008;45.7931467
MEINA;NOVARA;Piemonte;;2013;2013-01-12T21:16:11Z;2107861222;8.5381066;45.7864973
MEINA;NOVARA;Piemonte;;2013;2013-01-12T21:16:11Z;2107861224;8.5388636;45.7814381999999
MEINA;NOVARA;Piemonte;;2013;2013-01-12T21:16:11Z;2107861227;8.5394773;45.7806951
MEINA;NOVARA;Piemonte;;2013;2013-01-12T21:16:11Z;2107861229;8.5373186;45.7860826
MEINA;NOVARA;Piemonte;;2013;2013-01-12T21:28:08Z;2107874239;8.5303529;45.7858862
MEINA;NOVARA;Piemonte;;2013;2013-01-12T21:28:09Z;2107874253;8.53123;45.7860731
MEINA;NOVARA;Piemonte;;2013;2013-01-12T21:28:09Z;2107874258;8.530605;45.7857721
MEINA;NOVARA;Piemonte;;2013;2013-01-12T21:28:09Z;2107874272;8.530854;45.7855341
MEINA;NOVARA;Piemonte;;2013;2013-01-12T22:38:20Z;2108018398;8.5408881;45.7760296
MEINA;NOVARA;Piemonte;;2013;2013-01-12T22:47:50Z;2108027376;8.5424786;45.7790488999999
MEINA;NOVARA;Piemonte;;2013;2013-01-12T22:47:52Z;2108027437;8.54244379999999;45.7761698999999
MEINA;NOVARA;Piemonte;;2013;2013-01-12T22:50:29Z;2108028597;8.5422432;45.7795151999999
MEINA;NOVARA;Piemonte;;2013;2013-01-12T22:56:03Z;2108031787;8.5422244;45.7799679
MEINA;NOVARA;Piemonte;;2013;2013-01-12T23:01:00Z;2108034517;8.5401934;45.7842060999999
MEINA;NOVARA;Piemonte;;2013;2013-01-12T23:01:32Z;2108035059;8.5401135;45.7846367
MEINA;NOVARA;Piemonte;;2013;2013-01-12T23:01:32Z;2108035063;8.5404139;45.7852407999999
MEINA;NOVARA;Piemonte;;2013;2013-01-13T10:15:03Z;2108585341;8.5359823;45.7856481999999
MEINA;NOVARA;Piemonte;;2013;2013-01-13T10:15:03Z;2108585348;8.53643289999999;45.7856032999999
MEINA;NOVARA;Piemonte;;2013;2013-01-13T10:15:04Z;2108585381;8.5362291;45.7858389
MEINA;NOVARA;Piemonte;;2013;2013-01-13T10:15:04Z;2108585388;8.53707129999999;45.785145
MEINA;NOVARA;Piemonte;;2013;2013-01-13T10:15:04Z;2108585415;8.5352555;45.7850739
MEINA;NOVARA;Piemonte;;2013;2013-01-13T10:15:04Z;2108585422;8.5354674;45.7853843999999
MEINA;NOVARA;Piemonte;;2013;2013-01-13T10:15:04Z;2108585425;8.5373154;45.7853581999999
MEINA;NOVARA;Piemonte;;2013;2013-01-13T10:15:04Z;2108585430;8.5357517;45.7854723
MEINA;NOVARA;Piemonte;;2013;2013-01-13T10:15:04Z;2108585441;8.53621839999999;45.7852104999999
MEINA;NOVARA;Piemonte;;2013;2013-01-13T10:15:04Z;2108585444;8.5360709;45.7852778
MEINA;NOVARA;Piemonte;;2013;2013-01-13T10:15:05Z;2108585462;8.5375568;45.7851356999999
MEINA;NOVARA;Piemonte;;2013;2013-01-13T10:17:57Z;2108588761;8.53621839999999;45.7866488
MEINA;NOVARA;Piemonte;;2013;2013-01-13T17:58:33Z;2109314063;8.5381286;45.7880802999999
MEINA;NOVARA;Piemonte;;2013;2013-01-13T17:58:34Z;2109314068;8.5397;45.7884784999999
MEINA;NOVARA;Piemonte;;2013;2013-01-13T21:34:39Z;2109659473;8.5048198;45.7836454999999
MEINA;NOVARA;Piemonte;;2013;2013-01-13T21:34:40Z;2109659483;8.5052287;45.7837407999999
MEINA;NOVARA;Piemonte;;2013;2013-01-14T22:05:53Z;2111420112;8.529258;45.7915826999999
MEINA;NOVARA;Piemonte;;2013;2013-01-14T22:05:54Z;2111420153;8.5298051;45.7933706
MEINA;NOVARA;Piemonte;;2013;2013-01-14T22:05:54Z;2111420159;8.5312964;45.7927122999999
MEINA;NOVARA;Piemonte;;2013;2013-01-15T16:00:51Z;2112469271;8.5340406;45.7939113999999
MEINA;NOVARA;Piemonte;;2013;2013-01-15T16:26:09Z;2112501341;8.533498;45.7915813999999
MEINA;NOVARA;Piemonte;;2013;2013-01-15T16:29:34Z;2112505068;8.5373558;45.790272
MEINA;NOVARA;Piemonte;;2013;2013-01-15T19:54:10Z;2112752313;8.5358376;45.7871242
MEINA;NOVARA;Piemonte;;2013;2013-01-15T20:05:00Z;2112764221;8.5334106;45.7911531999999
MEINA;NOVARA;Piemonte;;2013;2013-01-15T20:20:33Z;2112791314;8.5386141;45.7922490999999
MEINA;NOVARA;Piemonte;;2013;2013-01-15T20:36:32Z;2112816443;8.5342207;45.794231
NEBBIUNO;NOVARA;Piemonte;;2013;2013-01-11T10:06:24Z;2105416225;8.5275721;45.8088242999999
NEBBIUNO;NOVARA;Piemonte;;2013;2013-01-11T10:06:25Z;2105416229;8.528365;45.8099457
NEBBIUNO;NOVARA;Piemonte;;2013;2013-01-11T10:06:25Z;2105416241;8.52790899999999;45.8092388999999
NEBBIUNO;NOVARA;Piemonte;;2013;2013-01-13T22:16:49Z;2109774735;8.5223507;45.7909155999999
NEBBIUNO;NOVARA;Piemonte;;2013;2013-01-13T22:16:51Z;2109774824;8.5232367;45.7900178
NEBBIUNO;NOVARA;Piemonte;;2013;2013-01-14T20:51:02Z;2111301404;8.51938419999999;45.7955760999999
NEBBIUNO;NOVARA;Piemonte;;2013;2013-01-14T20:56:05Z;2111305537;8.5205536;45.7976107
NEBBIUNO;NOVARA;Piemonte;;2013;2013-01-14T21:22:35Z;2111344827;8.51869029999999;45.7973989999999
NEBBIUNO;NOVARA;Piemonte;;2013;2013-01-14T21:22:35Z;2111344841;8.5190605;45.7969482999999
NEBBIUNO;NOVARA;Piemonte;;2013;2013-01-14T21:22:36Z;2111344863;8.5185581;45.7970365999999
NEBBIUNO;NOVARA;Piemonte;;2013;2013-01-14T21:22:36Z;2111344871;8.5145624;45.7983845999999
NEBBIUNO;NOVARA;Piemonte;;2013;2013-01-14T21:59:57Z;2111411196;8.5285869;45.7993834
NEBBIUNO;NOVARA;Piemonte;;2013;2013-01-14T22:05:54Z;2111420176;8.5297483;45.7967467
NEBBIUNO;NOVARA;Piemonte;;2013;2013-01-25T11:56:05Z;2105484941;8.5333121;45.8030295
NEBBIUNO;NOVARA;Piemonte;Piscina di Nebbiuno;2012;2012-03-13T14:07:48Z;1673397796;8.5226235;45.8050873999999
NOVARA;NOVARA;Piemonte;Piscina Alcarotti;2011;2011-06-10T22:51:39Z;1319513651;8.6116701;45.4486090999999
OLEGGIO;NOVARA;Piemonte;Aquam;2011;2011-10-06T13:19:32Z;1456762966;8.6406727;45.5956413999999
OLEGGIO CASTELLO;NOVARA;Piemonte;;2013;2013-01-18T10:42:25Z;2117534219;8.5336316;45.7559201999999
OLEGGIO CASTELLO;NOVARA;Piemonte;;2013;2013-01-18T10:46:31Z;2117540401;8.53041829999999;45.7509962999999
OLEGGIO CASTELLO;NOVARA;Piemonte;;2013;2013-01-18T11:08:41Z;2117560777;8.5369817;45.7443123999999
OLEGGIO CASTELLO;NOVARA;Piemonte;;2013;2013-01-18T11:28:24Z;2117572578;8.5305202;45.7432379999999
OLEGGIO CASTELLO;NOVARA;Piemonte;;2013;2013-01-18T11:28:24Z;2117572607;8.5323549;45.7443385999999
PISANO;NOVARA;Piemonte;;2013;2013-01-14T17:30:02Z;2110989775;8.505198;45.7906538
PISANO;NOVARA;Piemonte;;2013;2013-01-14T17:32:11Z;2110997078;8.5046815;45.7910948
PISANO;NOVARA;Piemonte;;2013;2013-01-14T17:35:07Z;2111002179;8.5034987;45.7898137999999
PISANO;NOVARA;Piemonte;;2013;2013-01-14T17:35:07Z;2111002195;8.5030937;45.7897297
PISANO;NOVARA;Piemonte;;2013;2013-01-14T17:50:37Z;2111021967;8.50407;45.794536
PISANO;NOVARA;Piemonte;;2013;2013-01-14T17:50:37Z;2111021972;8.503893;45.7936176999999
PISANO;NOVARA;Piemonte;;2013;2013-01-14T19:50:40Z;2111233007;8.5027518;45.7874574
PISANO;NOVARA;Piemonte;;2013;2013-01-14T21:22:35Z;2111344824;8.5161181;45.7966623
PISANO;NOVARA;Piemonte;;2013;2013-01-14T21:22:35Z;2111344836;8.5156004;45.7983677
PISANO;NOVARA;Piemonte;;2013;2013-01-14T21:22:35Z;2111344839;8.51565669999999;45.7981246
PISANO;NOVARA;Piemonte;;2013;2013-01-14T21:22:35Z;2111344846;8.5150693;45.7980627999999
PISANO;NOVARA;Piemonte;;2013;2013-01-14T21:22:35Z;2111344847;8.5168932;45.7965349999999
PISANO;NOVARA;Piemonte;;2013;2013-01-14T21:22:36Z;2111344850;8.5153402;45.7980237
PISANO;NOVARA;Piemonte;;2013;2013-01-14T21:22:36Z;2111344857;8.5163246;45.7958769
CUNEO;CUNEO;Piemonte;Piscina Comunale;2011;2011-07-10T18:46:42Z;1356955447;7.5524983;44.3875857999999
MONDOVI';CUNEO;Piemonte;Piscina Comunale;2012;2012-04-11T10:51:13Z;1711287672;7.8120813;44.3823651
SALUZZO;CUNEO;Piemonte;Piscina Comunale di Saluzzo;2012;2012-04-07T08:42:05Z;1473051186;7.4854487;44.6523901999999
IMPERIA;IMPERIA;Liguria;Piscina comunale Felice Cascione - Rari Nantes I;2013;2013-05-20T16:15:34Z;452908175;8.0220656;43.8806614
PRELA';IMPERIA;Liguria;;2014;2014-10-03T12:13:46Z;890962407;7.931291;43.9281003999999
SAN REMO;IMPERIA;Liguria;;2012;2012-04-18T12:45:31Z;1721754119;7.7960438;43.8214468999999
ALBENGA;SAVONA;Liguria;Stadio del nuoto;2012;2012-03-11T21:54:25Z;1671128064;8.2251745;44.0443208
GENOVA;CITTA' METROPOLITANA DI GENOVA;Liguria;;2013;2013-05-03T22:20:08Z;2290911697;8.9600797;44.4089028
GENOVA;CITTA' METROPOLITANA DI GENOVA;Liguria;;2014;2014-09-26T15:26:10Z;1729081854;8.89165569999999;44.4342268999999
GENOVA;CITTA' METROPOLITANA DI GENOVA;Liguria;I Delfini - Aquacenter Pra';2013;2013-06-04T12:26:10Z;2315843075;8.7831557;44.4267765
GENOVA;CITTA' METROPOLITANA DI GENOVA;Liguria;Lago Figoi;2013;2013-05-03T22:12:34Z;2290897968;8.8760607;44.4397397999999
GENOVA;CITTA' METROPOLITANA DI GENOVA;Liguria;Pscina comunale di San Fruttuoso;2013;2013-05-03T22:20:08Z;2290911702;8.9583201;44.4097535
LAVAGNA;CITTA' METROPOLITANA DI GENOVA;Liguria;Piscina Comunale Parco Tigullio;2013;2013-02-23T16:03:59Z;2169012503;9.3528362;44.3038979
ROVEGNO;CITTA' METROPOLITANA DI GENOVA;Liguria;Piscina di Casanova;2012;2012-09-03T14:25:15Z;1896399614;9.30840139999999;44.5549296
SESTRI LEVANTE;CITTA' METROPOLITANA DI GENOVA;Liguria;Piscine comunali Sestri Levante;2013;2013-06-20T19:21:40Z;1739079235;9.4053751;44.2720056
SORI;CITTA' METROPOLITANA DI GENOVA;Liguria;;2012;2012-06-01T21:21:44Z;1773044361;9.1055552;44.3737841
SORI;CITTA' METROPOLITANA DI GENOVA;Liguria;Piscina Comunale Estiva;2013;2013-08-18T15:09:05Z;2422980913;9.1025562;44.3714031
BREBBIA;VARESE;Lombardia;;2013;2013-01-14T16:59:22Z;2110933310;8.65213619999999;45.8271227999999
CASTIGLIONE OLONA;VARESE;Lombardia;Piscina New Swim;2014;2014-08-19T22:05:03Z;2374270069;8.8767002;45.7511058999999
LAVENA PONTE TRESA;VARESE;Lombardia;Water Park;2013;2013-06-26T07:11:24Z;2361262806;8.8708399;45.9575551
SESTO CALENDE;VARESE;Lombardia;FerPool Piscine;2015;2015-10-15T08:13:26Z;3749358256;8.6605572;45.7224583
SESTO CALENDE;VARESE;Lombardia;Monate Piscine;2015;2015-09-18T15:03:22Z;3749358259;8.6492787;45.723914
TRADATE;VARESE;Lombardia;MioClub;2014;2014-06-01T21:12:40Z;2331103679;8.9027328;45.7035146999999
BORMIO;SONDRIO;Lombardia;Bormio Terme;2016;2016-01-10T10:35:50Z;1783595018;10.3692332;46.4699722
TIRANO;SONDRIO;Lombardia;Piscina Comunale;2012;2012-09-11T13:21:32Z;1909930778;10.1780753;46.2185789999999
ARESE;CITTA' METROPOLITANA DI MILANO;Lombardia;;2012;2012-11-06T09:34:21Z;1999672693;9.0633671;45.5544402
BRESSO;CITTA' METROPOLITANA DI MILANO;Lombardia;;2011;2011-09-11T11:18:41Z;1365964947;9.1966435;45.5380004
BUSTO GAROLFO;CITTA' METROPOLITANA DI MILANO;Lombardia;;2012;2012-12-18T22:55:14Z;2073835435;8.87638319999999;45.5516859999999
CASSINA DE'PECCHI;CITTA' METROPOLITANA DI MILANO;Lombardia;;2014;2014-10-09T19:08:45Z;3121056591;9.3605809;45.5150471999999
CORMANO;CITTA' METROPOLITANA DI MILANO;Lombardia;;2012;2012-05-12T16:28:23Z;1749836755;9.1654307;45.5429074999999
CORSICO;CITTA' METROPOLITANA DI MILANO;Lombardia;piscina comunale di COrsico;2012;2012-08-24T14:55:30Z;1880964827;9.1115469;45.4390666999999
GORGONZOLA;CITTA' METROPOLITANA DI MILANO;Lombardia;Piscina Comune di Gorgonzola;2012;2012-08-26T13:29:02Z;1883695796;9.4152888;45.5328300999999
MELEGNANO;CITTA' METROPOLITANA DI MILANO;Lombardia;Piscina Comunale;2012;2012-07-12T09:17:06Z;1822701247;9.33010419999999;45.3508958
MILANO;CITTA' METROPOLITANA DI MILANO;Lombardia;;2011;2011-09-19T11:22:01Z;1437381862;9.1728134;45.4492383999999
MILANO;CITTA' METROPOLITANA DI MILANO;Lombardia;;2012;2012-10-29T22:54:00Z;1437381861;9.15330299999999;45.4475899999999
MILANO;CITTA' METROPOLITANA DI MILANO;Lombardia;;2013;2013-04-05T16:09:38Z;1912742396;9.1402335;45.5123431
MILANO;CITTA' METROPOLITANA DI MILANO;Lombardia;;2015;2015-04-24T11:41:38Z;2828635092;9.1866165;45.4411308
MILANO;CITTA' METROPOLITANA DI MILANO;Lombardia;;2015;2015-05-14T11:11:44Z;3517096802;9.2625591;45.4693668999999
MILANO;CITTA' METROPOLITANA DI MILANO;Lombardia;;2015;2015-05-14T11:13:25Z;1437381857;9.1487891;45.4466042
MILANO;CITTA' METROPOLITANA DI MILANO;Lombardia;gardaland water park;2012;2012-10-28T22:57:05Z;1987787478;9.0820425;45.4726451
MILANO;CITTA' METROPOLITANA DI MILANO;Lombardia;Milano sport;2013;2013-01-19T22:56:39Z;2120113040;9.1605016;45.4816940999999
PESCHIERA BORROMEO;CITTA' METROPOLITANA DI MILANO;Lombardia;;2012;2012-11-28T09:06:00Z;2037920836;9.3136892;45.4332365
ROZZANO;CITTA' METROPOLITANA DI MILANO;Lombardia;Piscina comunale AMA Sport;2011;2011-07-25T17:19:23Z;1373985307;9.1593903;45.3788113999999
SEGRATE;CITTA' METROPOLITANA DI MILANO;Lombardia;;2011;2011-01-18T12:13:45Z;1108916432;9.27313159999999;45.4771203
SETTIMO MILANESE;CITTA' METROPOLITANA DI MILANO;Lombardia;;2012;2012-01-06T14:05:38Z;1579437850;9.04873199999999;45.4887433999999
GRUMELLO DEL MONTE;BERGAMO;Lombardia;;2013;2013-05-16T19:03:30Z;2306736429;9.8796776;45.6418682999999
CALVISANO;BRESCIA;Lombardia;;2012;2012-02-09T08:24:49Z;1624928917;10.3426635;45.3532057999999
CASTREZZATO;BRESCIA;Lombardia;;2012;2012-11-07T17:55:52Z;2001614636;9.9928078;45.5109531
PROVAGLIO D'ISEO;BRESCIA;Lombardia;Piscina Acquadream Provaglio;2014;2014-10-03T08:30:11Z;3019903981;10.0642481;45.6239656999999
ROVATO;BRESCIA;Lombardia;;2013;2013-01-20T15:39:20Z;2121211198;10.0041227;45.5755911999999
SALO';BRESCIA;Lombardia;Rimbalzello Spiaggia;2012;2012-08-21T13:02:30Z;1859659070;10.5557906999999;45.6151048999999
SAN FELICE DEL BENACO;BRESCIA;Lombardia;;2012;2012-04-07T16:58:04Z;1706045830;10.5551873;45.5778475999999
SIRMIONE;BRESCIA;Lombardia;;2013;2013-08-18T19:19:25Z;2423256803;10.6089468;45.4847556
SIRMIONE;BRESCIA;Lombardia;;2013;2013-08-18T19:19:26Z;2423256841;10.6100245;45.4848867999999
SIRMIONE;BRESCIA;Lombardia;;2013;2013-08-18T19:53:57Z;2423256828;10.6088511;45.4851287999999
BRONI;PAVIA;Lombardia;Piscina di Broni;2011;2011-07-12T07:35:57Z;1359031002;9.2623447;45.0681421999999
PAVIA;PAVIA;Lombardia;Campus Aquae;2012;2012-10-01T22:01:16Z;1942017039;9.138127;45.2060314
PAVIA;PAVIA;Lombardia;Piscina comunale Folperti;2014;2014-09-01T14:32:31Z;316791932;9.1642834;45.1950593999999
TORRE DE'PICENARDI;CREMONA;Lombardia;;2012;2012-07-04T12:13:39Z;1812423632;10.2885685;45.1463389999999
RODIGO;MANTOVA;Lombardia;Il Pero;2011;2011-09-05T17:00:50Z;1424212474;10.6606288;45.1753173999999
SAN GIORGIO DI MANTOVA;MANTOVA;Lombardia;;2013;2013-07-04T09:06:22Z;1598753890;10.8424146;45.1727932
VOLTA MANTOVANA;MANTOVA;Lombardia;Parco Acquatico la Cavallara;2011;2011-06-28T10:40:12Z;1296691546;10.6742164;45.3532781999999
BOLZANO;BOLZANO;Trentino-Alto Adige;"Hallenbad - Piscina coperta """"Karl Dibiasi""""";2013;2013-06-22T12:18:50Z;773940897;11.3454090999999;46.4911857999999
BRUNICO;BOLZANO;Trentino-Alto Adige;Cron4;2015;2015-02-15T22:24:50Z;334158804;11.9372536;46.7794852999999
CASTELROTTO;BOLZANO;Trentino-Alto Adige;Schwimmbad;2013;2013-09-13T21:18:37Z;2457355207;11.6752684;46.5715253999999
CASTELROTTO;BOLZANO;Trentino-Alto Adige;Telfen;2015;2015-11-02T16:31:08Z;2352648814;11.5551736999999;46.5556677
CORNEDO ALL'ISARCO;BOLZANO;Trentino-Alto Adige;Hallenbad Sonnleiten Dolomiten Residence;2013;2013-12-17T21:20:12Z;2584267891;11.4580368;46.4821907999999
LACES;BOLZANO;Trentino-Alto Adige;Aqua Forum;2013;2013-07-19T14:32:20Z;2389639483;10.8580185999999;46.6108686999999
LANA;BOLZANO;Trentino-Alto Adige;Lido Lana;2014;2014-12-10T17:05:12Z;1773364389;11.1748203;46.6091322999999
MERANO;BOLZANO;Trentino-Alto Adige;Meranarena;2012;2012-06-02T08:07:29Z;1773364678;11.1551962;46.6599948
MONGUELFO TESIDO;BOLZANO;Trentino-Alto Adige;Schwimmbad;2013;2013-08-29T20:34:09Z;2437913414;12.1073431;46.7588319999999
MONGUELFO;BOLZANO;Trentino-Alto Adige;Schwimmbad;2013;2013-08-29T20:34:09Z;2437913414;12.1073431;46.7588319999999
VALDAORA;BOLZANO;Trentino-Alto Adige;Berghotel Zirm;2012;2012-11-30T11:26:02Z;2041766809;12.0012887999999;46.7464331999999
VALDAORA;BOLZANO;Trentino-Alto Adige;Schwimmbad Olang;2013;2013-03-17T12:09:32Z;2206622691;12.0240241999999;46.7688536
SPIAZZO;TRENTO;Trentino-Alto Adige;Piscina Comunale di Spiazzo;2013;2013-07-19T14:07:40Z;1437378744;10.7422207;46.1046362
STORO;TRENTO;Trentino-Alto Adige;;2011;2011-12-26T11:59:07Z;1562370789;10.5396365;45.8306001999999
BARDOLINO;VERONA;Veneto;;2013;2013-06-27T15:44:52Z;2363168324;10.7286968999999;45.5545400999999
BARDOLINO;VERONA;Veneto;;2015;2015-05-16T14:45:56Z;2363168296;10.7275972;45.5547748999999
BOVOLONE;VERONA;Veneto;;2012;2012-06-15T11:25:56Z;1788445441;11.1356977;45.2531558
GARDA;VERONA;Veneto;;2011;2011-10-02T17:24:59Z;1452531442;10.6985889;45.5795432999999
ILLASI;VERONA;Veneto;San Felice;2015;2015-12-03T19:11:02Z;3875012815;11.1927771;45.4748240999999
SAN BONIFACIO;VERONA;Veneto;Free Time;2014;2014-11-12T21:40:24Z;390330357;11.2810919999999;45.3949238
VERONA;VERONA;Veneto;Piscina Belvedere;2012;2012-09-18T11:17:18Z;1522983095;11.0366202;45.4459953
ALTAVILLA VICENTINA;VICENZA;Veneto;;2014;2014-06-23T14:32:41Z;2929309345;11.4601199;45.5073393999999
ARZIGNANO;VICENZA;Veneto;Sport Managment SrL;2011;2011-06-09T15:15:05Z;1317294434;11.321904;45.5208568999999
BASSANO DEL GRAPPA;VICENZA;Veneto;Piscine Agnolin;2011;2011-12-23T09:43:53Z;1559078871;11.7367597;45.7554311
MALO;VICENZA;Veneto;Piscina Comunale;2013;2013-05-20T15:08:55Z;2313091048;11.4015631;45.6550153
MUSSOLENTE;VICENZA;Veneto;piscine comunali;2015;2015-12-31T09:20:04Z;1400006028;11.8143885;45.7622098
SOVIZZO;VICENZA;Veneto;Sovizzo Swimming Pool;2013;2013-11-22T11:05:22Z;1280131860;11.4364694999999;45.5281445999999
VICENZA;VICENZA;Veneto;;2014;2014-04-21T19:13:49Z;2807147296;11.5458438;45.5513363999999
SANTA GIUSTINA;BELLUNO;Veneto;Piscina comunale;2013;2013-02-02T19:49:08Z;302053736;12.0398596;46.0812032999999
GAIARINE;TREVISO;Veneto;Piscina Gaiarinne;2013;2013-08-15T13:51:01Z;2419820797;12.4894593;45.8833465
PADERNO DEL GRAPPA;TREVISO;Veneto;Piscine Filippin;2012;2012-07-13T15:17:53Z;1398412178;11.8580798;45.8267869
SERNAGLIA DELLA BATTAGLIA;TREVISO;Veneto;Plavilandia;2012;2012-12-04T10:15:56Z;2049493383;12.1680427;45.8591701
VILLORBA;TREVISO;Veneto;;2013;2013-08-09T12:13:48Z;1516810779;12.2290522;45.7364565999999
CAORLE;CITTA' METROPOLITANA DI VENEZIA;Veneto;;2012;2012-08-19T10:53:06Z;1872497163;12.8206004999999;45.5718377999999
CAORLE;CITTA' METROPOLITANA DI VENEZIA;Veneto;;2012;2012-08-19T10:53:07Z;1872497168;12.8177466;45.570531
CAORLE;CITTA' METROPOLITANA DI VENEZIA;Veneto;;2012;2012-08-19T10:53:07Z;1872497175;12.8194847;45.5715373999999
CAORLE;CITTA' METROPOLITANA DI VENEZIA;Veneto;;2012;2012-08-19T10:53:07Z;1872497189;12.8201605999999;45.5714022
CAORLE;CITTA' METROPOLITANA DI VENEZIA;Veneto;;2012;2012-08-19T10:53:08Z;1315098579;12.8186589;45.5708688
CHIOGGIA;CITTA' METROPOLITANA DI VENEZIA;Veneto;;2012;2012-05-16T09:47:42Z;1754685706;12.2961107999999;45.2128225
CHIOGGIA;CITTA' METROPOLITANA DI VENEZIA;Veneto;Piscina Comunale;2011;2011-11-25T16:27:44Z;1516546020;12.296111;45.2167638
CHIOGGIA;CITTA' METROPOLITANA DI VENEZIA;Veneto;Piscine Astoria;2011;2011-11-25T16:27:12Z;1516545582;12.2961271;45.2153844999999
CHIOGGIA;CITTA' METROPOLITANA DI VENEZIA;Veneto;Piscine Clodia;2013;2013-09-13T20:56:41Z;1516326343;12.2963416999999;45.2127977
DOLO;CITTA' METROPOLITANA DI VENEZIA;Veneto;;2014;2014-07-30T07:45:36Z;2987279383;12.0649098;45.4259758999999
IESOLO;CITTA' METROPOLITANA DI VENEZIA;Veneto;;2012;2012-01-01T21:56:17Z;1573277993;12.6295172;45.5033685
MARTELLAGO;CITTA' METROPOLITANA DI VENEZIA;Veneto;;2012;2012-10-12T18:20:25Z;1555881096;12.1660208999999;45.5195958999999
VENEZIA;CITTA' METROPOLITANA DI VENEZIA;Veneto;;2011;2011-04-22T06:38:11Z;1255059230;12.2356806;45.4958168
VENEZIA;CITTA' METROPOLITANA DI VENEZIA;Veneto;;2011;2011-04-22T06:38:11Z;1255059230;12.2356806;45.4958168
LUGAGNANO VAL D'ARDA;PIACENZA;Emilia-Romagna;Swimming pool;2011;2011-07-24T15:25:40Z;1372416100;9.8273922;44.8188262999999
NIBBIANO;PIACENZA;Emilia-Romagna;;2014;2014-07-06T21:43:27Z;2951519532;9.2813782;44.8961280999999
NIBBIANO;PIACENZA;Emilia-Romagna;;2014;2014-07-06T21:43:27Z;2951519532;9.2813782;44.8961280999999
NIBBIANO;PIACENZA;Emilia-Romagna;;2014;2014-07-06T21:43:27Z;2951520133;9.2864744;44.9012275999999
NIBBIANO;PIACENZA;Emilia-Romagna;;2014;2014-07-06T21:43:27Z;2951520133;9.2864744;44.9012275999999
NIBBIANO;PIACENZA;Emilia-Romagna;;2014;2014-07-06T21:43:27Z;2951520134;9.2832021;44.8970856999999
NIBBIANO;PIACENZA;Emilia-Romagna;;2014;2014-07-06T21:43:27Z;2951520134;9.2832021;44.8970856999999
NIBBIANO;PIACENZA;Emilia-Romagna;;2014;2014-07-06T21:43:27Z;2951520135;9.2808847;44.8976405
NIBBIANO;PIACENZA;Emilia-Romagna;;2014;2014-07-06T21:43:27Z;2951520135;9.2808847;44.8976405
NIBBIANO;PIACENZA;Emilia-Romagna;;2014;2014-07-06T21:43:27Z;2951520136;9.278975;44.8950413
NIBBIANO;PIACENZA;Emilia-Romagna;;2014;2014-07-06T21:43:27Z;2951520136;9.278975;44.8950413
NIBBIANO;PIACENZA;Emilia-Romagna;Diga Triathlon;2014;2014-05-20T17:19:28Z;2858142188;9.2859168;44.9018339
NIBBIANO;PIACENZA;Emilia-Romagna;Diga Triathlon;2014;2014-05-20T17:19:28Z;2858142188;9.2859168;44.9018339
PIANELLO VAL TIDONE;PIACENZA;Emilia-Romagna;Piscina Comunale;2011;2011-06-11T10:05:05Z;1319874006;9.408148;44.9503053999999
SARMATO;PIACENZA;Emilia-Romagna;Piscina;2012;2012-02-17T23:42:22Z;1317963993;9.4877611;45.0567533999999
CORNIGLIO;PARMA;Emilia-Romagna;;2011;2011-04-07T09:30:59Z;1235780043;10.0868695;44.4707255
FORNOVO DI TARO;PARMA;Emilia-Romagna;;2012;2012-09-26T07:06:54Z;1933329695;10.0996915;44.6941186999999
FORNOVO DI TARO;PARMA;Emilia-Romagna;;2012;2012-09-26T07:06:54Z;1933329702;10.09908;44.6936649
NOCETO;PARMA;Emilia-Romagna;;2012;2012-07-08T12:38:25Z;1817598653;10.1825743;44.8060322999999
NOCETO;PARMA;Emilia-Romagna;;2012;2012-07-12T10:41:08Z;1822774018;10.159057;44.7810944
PARMA;PARMA;Emilia-Romagna;aquality;2011;2011-07-08T08:31:33Z;1353535244;10.3671082;44.7409521
PARMA;PARMA;Emilia-Romagna;Baia Blu;2011;2011-06-17T08:07:21Z;1233107430;10.3063657;44.7645267999999
PARMA;PARMA;Emilia-Romagna;Piscina Comunale Via Zarotto;2012;2012-09-03T19:51:21Z;1896969691;10.341341;44.7911678999999
VARSI;PARMA;Emilia-Romagna;;2013;2013-09-20T16:33:42Z;1883671753;9.8636702;44.6245340999999
CASINA;REGGIO EMILIA;Emilia-Romagna;Piscina Sport Village;2012;2012-11-18T18:10:28Z;2020220543;10.5031664;44.5022764
CASTELNOVO NE'MONTI;REGGIO EMILIA;Emilia-Romagna;Onda della Pietra;2012;2012-10-03T16:17:06Z;1944532502;10.4168723;44.4354798
CAVRIAGO;REGGIO EMILIA;Emilia-Romagna;;2012;2012-01-03T16:44:47Z;1575763149;10.5246371;44.6900871
CORREGGIO;REGGIO EMILIA;Emilia-Romagna;;2012;2012-05-18T12:54:08Z;1757174277;10.7724487999999;44.7624587
VILLA MINOZZO;REGGIO EMILIA;Emilia-Romagna;Piscina comunale;2012;2012-11-18T21:47:13Z;2020554944;10.4645542;44.3650808
CAMPOGALLIANO;MODENA;Emilia-Romagna;piscina di Campogalliano;2012;2012-04-06T11:09:29Z;1704255756;10.838676;44.6912986999999
FORMIGINE;MODENA;Emilia-Romagna;;2012;2012-07-09T21:21:52Z;1819442412;10.86378;44.5979944999999
MODENA;MODENA;Emilia-Romagna;;2015;2015-01-03T12:07:54Z;1127673432;10.900349;44.6439317
MODENA;MODENA;Emilia-Romagna;Piscine Dogali;2012;2012-05-15T21:34:32Z;1754288353;10.9222863;44.654544
BOLOGNA;CITTA' METROPOLITANA DI BOLOGNA;Emilia-Romagna;;2012;2012-01-09T14:01:55Z;1583736326;11.2685195;44.5224489
BOLOGNA;CITTA' METROPOLITANA DI BOLOGNA;Emilia-Romagna;Piscina Tanari;2012;2012-12-27T13:51:35Z;2081596715;11.3638566999999;44.4761007999999
BOLOGNA;CITTA' METROPOLITANA DI BOLOGNA;Emilia-Romagna;Piscine Arcoveggio;2015;2015-03-08T21:32:26Z;3390137605;11.350148;44.5278509999999
IMOLA;CITTA' METROPOLITANA DI BOLOGNA;Emilia-Romagna;Piscina dell'Ortignola;2014;2014-12-29T13:21:28Z;3258083342;11.7087056;44.3641062
MOLINELLA;CITTA' METROPOLITANA DI BOLOGNA;Emilia-Romagna;;2011;2011-12-20T18:11:31Z;1556026194;11.6725233999999;44.6193481999999
MONTERENZIO;CITTA' METROPOLITANA DI BOLOGNA;Emilia-Romagna;Acquapark Monterenzio;2014;2014-08-31T15:11:57Z;1699784517;11.4034492;44.3209781999999
OZZANO DELL'EMILIA;CITTA' METROPOLITANA DI BOLOGNA;Emilia-Romagna;Piscina di Ozzano dell'Emilia;2013;2013-03-12T17:54:48Z;1239010514;11.4796619999999;44.4381552999999
ZOLA PREDOSA;CITTA' METROPOLITANA DI BOLOGNA;Emilia-Romagna;Piscina di Gessi;2011;2011-09-07T14:41:59Z;1426156586;11.2123835;44.4745672999999
FUSIGNANO;RAVENNA;Emilia-Romagna;Piascina estiva;2012;2012-04-24T19:27:36Z;1729340202;11.9583786;44.4643857
FUSIGNANO;RAVENNA;Emilia-Romagna;Piscina Intecomunale;2012;2012-04-14T13:14:53Z;1716139191;12.0184171;44.4850689
LUGO;RAVENNA;Emilia-Romagna;;2012;2012-04-25T16:49:44Z;1730851880;11.9325999;44.4192109999999
RAVENNA;RAVENNA;Emilia-Romagna;"Piscina Comunale """"Gianni Gambi""""";2015;2015-02-01T23:11:09Z;2837298947;12.2018305999999;44.3990834
CESENATICO;FORLI';Emilia-Romagna;Paradiso Sportcenter;2012;2012-06-05T06:31:30Z;1776786315;12.4240932999999;44.1768677999999
FORLI';FORLI';Emilia-Romagna;;2011;2011-05-15T22:52:57Z;1286984305;12.0761149;44.1749912
ROCCA SAN CASCIANO;FORLI';Emilia-Romagna;;2012;2012-09-19T07:39:31Z;1921463887;11.8440458999999;44.0629173
ACQUALAGNA;PESARO E URBINO;Marche;;2015;2015-11-24T11:30:50Z;3856274607;12.6743786;43.6262959
FANO;PESARO E URBINO;Marche;;2011;2011-11-03T12:20:42Z;1490291753;13.0142085;43.8259042999999
PERGOLA;PESARO E URBINO;Marche;"Palestra-Piscina """"Caprini Minucci""""";2013;2013-02-07T22:20:50Z;2145920540;12.8353620999999;43.5537229999999
PESARO;PESARO E URBINO;Marche;;2011;2011-09-13T00:20:11Z;1431492916;12.9018455;43.9204459999999
URBINO;PESARO E URBINO;Marche;;2016;2016-02-18T16:49:57Z;4012970432;12.6256352;43.7340536
OSIMO;ANCONA;Marche;Piscina Comunale;2015;2015-04-26T17:17:21Z;3479363429;13.4946943;43.4773003
CIVITANOVA MARCHE;MACERATA;Marche;;2013;2013-05-28T10:41:34Z;2322972982;13.698293;43.3068515
CIVITANOVA MARCHE;MACERATA;Marche;;2013;2013-05-28T10:41:35Z;2322973003;13.7048375999999;43.3249578
CIVITANOVA MARCHE;MACERATA;Marche;;2013;2013-05-28T10:59:37Z;2322986370;13.6980854999999;43.3066843
MATELICA;MACERATA;Marche;Piscina comunale;2012;2012-07-27T10:36:38Z;1839672089;13.0104910999999;43.2519081
TOLENTINO;MACERATA;Marche;;2011;2011-09-09T08:57:26Z;1427698535;13.327062;43.1830039999999
CAPANNORI;LUCCA;Toscana;Piscina Comunale Capannori;2015;2015-11-30T22:01:22Z;1696684937;10.5801452;43.8488231999999
LUCCA;LUCCA;Toscana;Casina Rossa;2012;2012-09-25T16:37:37Z;1932482086;10.446878;43.8499497
LUCCA;LUCCA;Toscana;Gymnic Club;2012;2012-09-09T10:38:29Z;1906669072;10.4919853;43.8398964
LARCIANO;PISTOIA;Toscana;Piscina Intercomunale Larciano Lamporecchio;2014;2014-06-30T16:45:16Z;2940778826;10.8835838;43.817594
MONTECATINI-TERME;PISTOIA;Toscana;;2012;2012-12-02T14:41:05Z;1528865685;10.7778968;43.8772634999999
PISTOIA;PISTOIA;Toscana;H2 Sport;2015;2015-06-23T09:11:45Z;1845447866;10.8868031;43.9213126
PISTOIA;PISTOIA;Toscana;Il Boschetto;2013;2013-06-28T09:38:56Z;2177243928;10.9008152;43.9536291
PISTOIA;PISTOIA;Toscana;Panda;2013;2013-12-09T16:17:34Z;2162693346;10.8581986;43.9300925
PISTOIA;PISTOIA;Toscana;Silvano Fedi;2013;2013-03-13T19:50:58Z;2200176208;10.9024721;43.9354447999999
SAN MARCELLO PISTOIESE;PISTOIA;Toscana;"Piscina coperta """"Le Ginestre""""";2012;2012-01-09T17:24:01Z;1583877146;10.8475670999999;44.0569375999999
SAN MARCELLO PISTOIESE;PISTOIA;Toscana;"Piscina estiva """"Le Ginestre""""";2012;2012-01-09T17:22:05Z;1583875869;10.8470894999999;44.0570488999999
SERRAVALLE PISTOIESE;PISTOIA;Toscana;Piscine Cantagrillo;2013;2013-02-17T17:35:41Z;2159736832;10.9135369;43.8770186
BORGO SAN LORENZO;CITTA' METROPOLITANA DI FIRENZE;Toscana;Piscina Marrani;2013;2013-05-07T13:17:46Z;2289249988;11.4373554;44.0091363
FIRENZE;CITTA' METROPOLITANA DI FIRENZE;Toscana;;2012;2012-01-14T00:09:36Z;1588981799;11.2345609999999;43.7898526
FIRENZE;CITTA' METROPOLITANA DI FIRENZE;Toscana;Piscina Amici del nuoto;2011;2011-04-07T10:07:24Z;938232383;11.2450265999999;43.7881107999999
FIRENZE;CITTA' METROPOLITANA DI FIRENZE;Toscana;Piscina delle Pavoniere;2011;2011-06-04T19:26:07Z;1312243653;11.2238679;43.7796244999999
GREVE IN CHIANTI;CITTA' METROPOLITANA DI FIRENZE;Toscana;;2012;2012-08-18T09:08:52Z;1871058999;11.3130878;43.5916538999999
PELAGO;CITTA' METROPOLITANA DI FIRENZE;Toscana;;2015;2015-03-08T11:27:30Z;2887157761;11.5239604999999;43.7667342
RIGNANO SULL'ARNO;CITTA' METROPOLITANA DI FIRENZE;Toscana;Piscina Comunale;2012;2012-08-16T13:51:02Z;1868675233;11.4564343999999;43.7240934
VICCHIO;CITTA' METROPOLITANA DI FIRENZE;Toscana;Piscine comunali;2011;2011-06-27T15:30:14Z;1341244874;11.4637087999999;43.9306866
FIGLINE E INCISA VALDARNO;CITTA' METROPOLITANA DI FIRENZE;Toscana;;2013;2013-05-16T22:35:38Z;2307019457;11.4471412;43.5989273
FIGLINE E INCISA VALDARNO;CITTA' METROPOLITANA DI FIRENZE;Toscana;;2013;2013-05-16T22:39:59Z;2307027120;11.4199006999999;43.6091667999999
FIGLINE E INCISA VALDARNO;CITTA' METROPOLITANA DI FIRENZE;Toscana;Piscina Comunale;2013;2013-05-16T22:31:33Z;2307013894;11.4680839;43.6230628
PIOMBINO;LIVORNO;Toscana;Piscina Comunale;2013;2013-03-25T18:47:16Z;1964025733;10.5176821999999;42.9364545
RIO MARINA;LIVORNO;Toscana;Spiaggia della Torre;2011;2011-07-12T12:37:49Z;1359327495;10.4297368;42.8144441
RIO MARINA;LIVORNO;Toscana;Spiaggia Luisidangelo;2012;2012-11-25T18:19:07Z;1359336149;10.4295003;42.8060696
RIO MARINA;LIVORNO;Toscana;Spiqaggia di Gennaro;2011;2011-07-12T12:45:04Z;1359336145;10.4296183;42.8114769999999
ROSIGNANO MARITTIMO;LIVORNO;Toscana;;2012;2012-04-14T09:10:11Z;1715909533;10.4231811;43.413665
MONTECATINI VAL DI CECINA;PISA;Toscana;;2013;2013-06-26T16:17:35Z;2361959748;10.7468872999999;43.3345038
MONTESCUDAIO;PISA;Toscana;Campingsite Pool;2011;2011-08-27T18:31:40Z;1415157086;10.5524523;43.3178144999999
MONTEVERDI MARITTIMO;PISA;Toscana;;2012;2012-10-08T16:37:23Z;1952790998;10.7342732;43.1211819999999
PISA;PISA;Toscana;;2014;2014-02-10T12:32:45Z;1083414246;10.4179681;43.7144590999999
PISA;PISA;Toscana;International Camping Beach;2012;2012-04-05T20:43:57Z;1393494387;10.2839709999999;43.6493297999999
CORTONA;AREZZO;Toscana;Centro Nuoto Cortona;2013;2013-01-02T14:55:09Z;2092306299;11.9849804;43.2615532
CASOLE D'ELSA;SIENA;Toscana;;2016;2016-01-13T18:47:23Z;3944648581;11.0233925999999;43.3510350999999
CHIANCIANO TERME;SIENA;Toscana;;2014;2014-06-03T16:42:31Z;2897433563;11.8256242999999;43.0561455
CHIANCIANO TERME;SIENA;Toscana;;2014;2014-06-03T16:42:31Z;2897433568;11.8256128;43.0556601999999
COLLE DI VAL D'ELSA;SIENA;Toscana;;2013;2013-08-13T02:06:15Z;1489607799;11.130336;43.4209571
RAPOLANO TERME;SIENA;Toscana;Piscina;2011;2011-06-03T07:17:09Z;1309850225;11.6073115;43.2956183
CASTIGLIONE DELLA PESCAIA;GROSSETO;Toscana;Sestante Diving Center;2013;2013-09-28T17:36:05Z;1584565389;10.8808513;42.7618597
ASSISI;PERUGIA;Umbria;Piscina Comunale;2013;2013-06-12T09:24:11Z;2330425878;12.5889454999999;43.0579181
PANICALE;PERUGIA;Umbria;Piscine Intercomunali;2012;2012-01-04T08:56:31Z;1576499726;12.1263719;43.0014388999999
SAN GIUSTINO;PERUGIA;Umbria;;2011;2011-08-03T15:42:07Z;1367268364;12.1738971;43.5495438
BASCHI;TERNI;Umbria;;2014;2014-08-29T20:27:59Z;3049500351;12.2158516;42.6780337
ORVIETO;TERNI;Umbria;Piscina Comunale;2014;2014-11-25T12:07:02Z;3204493400;12.1239156;42.7382911999999
ONANO;VITERBO;Lazio;;2012;2012-07-29T18:14:22Z;1843042896;11.8138343999999;42.6859913999999
ORTE;VITERBO;Lazio;Piscina Comunale Orte;2012;2012-07-09T12:59:02Z;1818885596;12.3899792;42.4579017
ALBANO LAZIALE;CITTA' METROPOLITANA DI ROMA CAPITALE;Lazio;;2012;2012-01-25T10:16:54Z;1604723311;12.6512282;41.7302383999999
ALBANO LAZIALE;CITTA' METROPOLITANA DI ROMA CAPITALE;Lazio;Life;2013;2013-05-18T15:18:42Z;2309759834;12.6434763;41.6981621999999
ANZIO;CITTA' METROPOLITANA DI ROMA CAPITALE;Lazio;Piscina;2012;2012-08-25T13:59:09Z;1882472583;12.5822879;41.5086056
ARICCIA;CITTA' METROPOLITANA DI ROMA CAPITALE;Lazio;Vallericcia;2013;2013-05-18T15:53:07Z;2309790133;12.6613069;41.7044349
BRACCIANO;CITTA' METROPOLITANA DI ROMA CAPITALE;Lazio;;2012;2012-07-22T09:17:40Z;1833950679;12.1653988;42.1032258999999
GROTTAFERRATA;CITTA' METROPOLITANA DI ROMA CAPITALE;Lazio;;2013;2013-05-03T22:03:48Z;2290889069;12.6695493999999;41.7980602
GROTTAFERRATA;CITTA' METROPOLITANA DI ROMA CAPITALE;Lazio;Piscina Hotel Villa Florio;2013;2013-05-03T22:33:23Z;2290921468;12.6701941;41.7969195
GUIDONIA MONTECELIO;CITTA' METROPOLITANA DI ROMA CAPITALE;Lazio;;2012;2012-05-17T08:59:17Z;1755873551;12.6569096;41.9430468999999
GUIDONIA MONTECELIO;CITTA' METROPOLITANA DI ROMA CAPITALE;Lazio;;2012;2012-05-17T08:59:17Z;1755873551;12.6569096;41.9430468999999
ROMA;CITTA' METROPOLITANA DI ROMA CAPITALE;Lazio;;2012;2012-01-15T22:16:27Z;1591545102;12.4472746999999;41.8588578999999
ROMA;CITTA' METROPOLITANA DI ROMA CAPITALE;Lazio;;2012;2012-01-15T22:16:27Z;1591545102;12.4472746999999;41.8588578999999
ROMA;CITTA' METROPOLITANA DI ROMA CAPITALE;Lazio;;2012;2012-03-28T12:35:26Z;1694672845;12.5273904999999;41.8265286999999
ROMA;CITTA' METROPOLITANA DI ROMA CAPITALE;Lazio;;2012;2012-03-28T12:35:26Z;1694672845;12.5273904999999;41.8265286999999
ROMA;CITTA' METROPOLITANA DI ROMA CAPITALE;Lazio;;2012;2012-03-28T12:44:15Z;1694680782;12.5261815999999;41.9201638999999
ROMA;CITTA' METROPOLITANA DI ROMA CAPITALE;Lazio;;2012;2012-03-28T12:44:15Z;1694680782;12.5261815999999;41.9201638999999
ROMA;CITTA' METROPOLITANA DI ROMA CAPITALE;Lazio;;2013;2013-03-25T16:35:36Z;2222752068;12.3380054;42.0662238
ROMA;CITTA' METROPOLITANA DI ROMA CAPITALE;Lazio;;2013;2013-03-25T16:35:36Z;2222752068;12.3380054;42.0662238
ROMA;CITTA' METROPOLITANA DI ROMA CAPITALE;Lazio;;2015;2015-02-19T13:17:21Z;2826176112;12.6102716;41.8280025999999
ROMA;CITTA' METROPOLITANA DI ROMA CAPITALE;Lazio;;2015;2015-02-19T13:17:21Z;2826176112;12.6102716;41.8280025999999
ROMA;CITTA' METROPOLITANA DI ROMA CAPITALE;Lazio;Centro Sportivo Dabliu;2011;2011-06-10T08:31:36Z;1318561954;12.5751109;41.9297061999999
ROMA;CITTA' METROPOLITANA DI ROMA CAPITALE;Lazio;Centro Sportivo Dabliu;2011;2011-06-10T08:31:36Z;1318561954;12.5751109;41.9297061999999
ROMA;CITTA' METROPOLITANA DI ROMA CAPITALE;Lazio;"Circolo sportivo """"Casetta Bianca""""";2013;2013-03-25T17:25:50Z;2222808564;12.4074307;41.9882982
ROMA;CITTA' METROPOLITANA DI ROMA CAPITALE;Lazio;"Circolo sportivo """"Casetta Bianca""""";2013;2013-03-25T17:25:50Z;2222808564;12.4074307;41.9882982
ROMA;CITTA' METROPOLITANA DI ROMA CAPITALE;Lazio;Free Style Sporting Club;2011;2011-02-14T15:48:41Z;1152864802;12.5829293;41.8203030999999
ROMA;CITTA' METROPOLITANA DI ROMA CAPITALE;Lazio;Free Style Sporting Club;2011;2011-02-14T15:48:41Z;1152864802;12.5829293;41.8203030999999
ROMA;CITTA' METROPOLITANA DI ROMA CAPITALE;Lazio;Le Molette;2011;2011-11-23T17:17:36Z;1514371775;12.3672258999999;42.0098685
ROMA;CITTA' METROPOLITANA DI ROMA CAPITALE;Lazio;Le Molette;2011;2011-11-23T17:17:36Z;1514371775;12.3672258999999;42.0098685
ROMA;CITTA' METROPOLITANA DI ROMA CAPITALE;Lazio;S.S. Lazio Nuoto - Piscine;2014;2014-12-14T03:25:41Z;3233708042;12.4857028;41.8561648
ROMA;CITTA' METROPOLITANA DI ROMA CAPITALE;Lazio;S.S. Lazio Nuoto - Piscine;2014;2014-12-14T03:25:41Z;3233708042;12.4857028;41.8561648
TIVOLI;CITTA' METROPOLITANA DI ROMA CAPITALE;Lazio;Ulpia scuola nuoto;2015;2015-08-18T10:54:15Z;3702691767;12.7826527;41.9738696
CORI;LATINA;Lazio;;2012;2012-11-21T13:34:11Z;2024770420;12.9080215;41.6380249999999
SONNINO;LATINA;Lazio;;2012;2012-09-14T12:03:04Z;1913993026;13.2545407999999;41.4200804
CASAL DI PRINCIPE;CASERTA;Campania;Piscina Comunale;2013;2013-02-10T14:28:21Z;2148998165;14.1380841;41.021469
SAN PRISCO;CASERTA;Campania;;2013;2013-09-23T17:56:27Z;2469055893;14.2670514;41.0897671999999
CASORIA;CITTA' METROPOLITANA DI NAPOLI;Campania;;2012;2012-06-29T11:30:37Z;1806037160;14.2923346;40.8989535999999
CASORIA;CITTA' METROPOLITANA DI NAPOLI;Campania;;2012;2012-06-29T11:30:54Z;1806037204;14.2911918999999;40.8999065
GIUGLIANO IN CAMPANIA;CITTA' METROPOLITANA DI NAPOLI;Campania;;2012;2012-10-12T17:44:23Z;1960986179;14.1739957;40.9283742
GRAGNANO;CITTA' METROPOLITANA DI NAPOLI;Campania;;2012;2012-02-14T13:19:07Z;1632687758;14.5026607999999;40.699925
NAPOLI;CITTA' METROPOLITANA DI NAPOLI;Campania;;2011;2011-11-01T11:49:23Z;1488407501;14.2630178999999;40.8908348
NAPOLI;CITTA' METROPOLITANA DI NAPOLI;Campania;;2013;2013-09-30T12:52:47Z;2477620828;14.1613849;40.8211277999999
NAPOLI;CITTA' METROPOLITANA DI NAPOLI;Campania;;2013;2013-09-30T13:01:05Z;2477637496;14.1875149999999;40.8248421999999
NAPOLI;CITTA' METROPOLITANA DI NAPOLI;Campania;;2013;2013-09-30T13:02:17Z;2477638157;14.1652445999999;40.8132132
NAPOLI;CITTA' METROPOLITANA DI NAPOLI;Campania;;2014;2014-12-24T17:58:06Z;3251098158;14.1727979;40.8282103
PIANO DI SORRENTO;CITTA' METROPOLITANA DI NAPOLI;Campania;;2011;2011-06-19T13:34:24Z;1330819516;14.4162639;40.636187
PORTICI;CITTA' METROPOLITANA DI NAPOLI;Campania;Centro Sportivo Portici;2012;2012-10-25T22:47:52Z;1983651158;14.3319326;40.8245979
POZZUOLI;CITTA' METROPOLITANA DI NAPOLI;Campania;;2013;2013-03-27T08:25:20Z;2228426780;14.0854515;40.8301285
MONTELLA;AVELLINO;Campania;;2011;2011-09-18T08:07:56Z;1436226471;15.0184013;40.8415933
ASCEA;SALERNO;Campania;Le Favate Pool;2011;2011-09-07T07:53:54Z;1425920797;15.2226474;40.1675524999999
BARONISSI;SALERNO;Campania;Piscina Comunale;2015;2015-10-03T16:51:23Z;3770680834;14.7666442;40.7415396999999
BATTIPAGLIA;SALERNO;Campania;;2011;2011-12-17T17:06:57Z;1550578859;14.9877457;40.6053329
BATTIPAGLIA;SALERNO;Campania;;2011;2011-12-18T03:05:50Z;1551315306;14.9906459;40.624966
BUONABITACOLO;SALERNO;Campania;Piscina Comunale;2013;2013-03-26T19:21:29Z;2225885420;15.6237694;40.2715146999999
CONTURSI TERME;SALERNO;Campania;;2011;2011-04-06T21:43:55Z;1235234887;15.2515526;40.6897384
MERCATO SAN SEVERINO;SALERNO;Campania;Piscine San Vincenzo;2012;2012-08-02T20:30:22Z;1848993329;14.7460654;40.7805515
SAN SALVO;CHIETI;Abruzzo;Piscina Comunale;2013;2013-12-31T17:50:00Z;2603568411;14.7388498;42.0554236999999
VASTO;CHIETI;Abruzzo;Piscina Comunale;2013;2013-11-17T16:12:03Z;2483751728;14.7025823;42.1175981
LESINA;FOGGIA;Puglia;;2011;2011-04-12T18:09:16Z;1242247189;15.3277324;41.9122807999999
SAN SEVERO;FOGGIA;Puglia;;2011;2011-04-12T15:27:31Z;1242078017;15.3870199;41.6939039
SAN SEVERO;FOGGIA;Puglia;;2011;2011-04-12T15:27:31Z;1242078022;15.3860007;41.6956662999999
SAN SEVERO;FOGGIA;Puglia;;2011;2011-04-12T15:27:33Z;1242078048;15.4003237;41.6695047999999
BARI;CITTA' METROPOLITANA DI BARI;Puglia;;2012;2012-04-28T09:22:43Z;1733885220;16.9364896999999;41.0973367
BARI;CITTA' METROPOLITANA DI BARI;Puglia;;2014;2014-03-06T16:01:32Z;2704153780;16.8756093;41.1268329999999
BARI;CITTA' METROPOLITANA DI BARI;Puglia;;2015;2015-03-26T15:53:31Z;3419878306;16.8796788999999;41.1041206
BARI;CITTA' METROPOLITANA DI BARI;Puglia;Lido Il Trampolino;2012;2012-09-11T13:54:13Z;452921510;16.8292414999999;41.1364517
BARI;CITTA' METROPOLITANA DI BARI;Puglia;Piscina EnergyLife;2012;2012-06-12T13:40:15Z;1784660231;16.8631014;41.1037627999999
BARI;CITTA' METROPOLITANA DI BARI;Puglia;"Piscina """"I Delfini""""";2015;2015-10-19T08:38:35Z;1212418412;16.954853;41.0951086999999
MODUGNO;CITTA' METROPOLITANA DI BARI;Puglia;Piscine Comunali;2015;2015-07-28T16:14:27Z;3670578422;16.7958628999999;41.0853891
MOLFETTA;CITTA' METROPOLITANA DI BARI;Puglia;;2015;2015-03-26T12:49:50Z;3419596020;16.5451106;41.2271567
MOLFETTA;CITTA' METROPOLITANA DI BARI;Puglia;Piscina Comunale;2015;2015-10-15T12:13:23Z;2481697865;16.6113697;41.1995529
CAROVIGNO;BRINDISI;Puglia;;2014;2014-08-04T15:32:40Z;2996075156;17.6817275999999;40.6764154
CAROVIGNO;BRINDISI;Puglia;;2014;2014-08-04T15:32:41Z;2995974807;17.6517218999999;40.6818097
CAROVIGNO;BRINDISI;Puglia;;2014;2014-08-04T15:32:41Z;2996033804;17.6717632999999;40.6630328999999
CAROVIGNO;BRINDISI;Puglia;;2016;2016-02-08T16:22:08Z;3995734800;17.7597683;40.7260210999999
FASANO;BRINDISI;Puglia;;2015;2015-11-17T18:26:01Z;3841471479;17.4675730999999;40.8327063999999
FASANO;BRINDISI;Puglia;;2015;2015-11-17T18:26:01Z;3841471484;17.4706335;40.8325806
OSTUNI;BRINDISI;Puglia;;2015;2015-11-23T15:40:30Z;3854610814;17.5396013999999;40.8043361
OSTUNI;BRINDISI;Puglia;piscina 80;2011;2011-08-16T18:38:04Z;1401336887;17.5439879;40.7962873999999
GALLIPOLI;LECCE;Puglia;;2011;2011-09-11T17:02:48Z;1430319675;18.0276618;39.9990831
SALVE;LECCE;Puglia;;2012;2012-03-30T09:46:52Z;1697509613;18.2921432;39.8654413
VENOSA;POTENZA;Basilicata;parco acquatico le Onde;2013;2013-04-02T16:59:41Z;2245123594;15.7975831;40.9587712
VENOSA;POTENZA;Basilicata;piscine;2013;2013-04-02T16:59:16Z;2245123337;15.7968699;40.9582241
VIGGIANELLO;POTENZA;Basilicata;;2011;2011-06-19T15:46:09Z;1330983282;16.078416;39.9647343999999
MATERA;MATERA;Basilicata;Piscina Comunale;2015;2015-06-19T08:59:00Z;2513650806;16.5963917999999;40.6656386
ISCA SULLO IONIO;CATANZARO;Calabria;;2011;2011-12-01T15:26:12Z;1526519422;16.5607119;38.6025696999999
TRAPANI;TRAPANI;Sicilia;piscina comunale;2012;2012-12-11T23:48:05Z;2062478156;12.5453951;38.0154028999999
ALIA;CITTA' METROPOLITANA DI PALERMO;Sicilia;;2012;2012-06-21T14:44:06Z;1797086671;13.7230855;37.7695957999999
CASTELLANA SICULA;CITTA' METROPOLITANA DI PALERMO;Sicilia;;2011;2011-11-20T12:46:26Z;1509701783;14.0440821;37.7884025999999
ARAGONA;AGRIGENTO;Sicilia;;2014;2014-06-07T13:39:30Z;2904362984;13.6260746;37.3906465
ARAGONA;AGRIGENTO;Sicilia;;2014;2014-06-07T13:39:30Z;2904362985;13.6311949;37.3860304999999
ARAGONA;AGRIGENTO;Sicilia;;2014;2014-06-07T13:39:30Z;2904362986;13.6037801;37.4089840999999
ARAGONA;AGRIGENTO;Sicilia;;2014;2014-06-07T13:39:30Z;2904362987;13.595079;37.4182343
ARAGONA;AGRIGENTO;Sicilia;;2014;2014-06-07T13:39:30Z;2904362988;13.597375;37.4287783999999
ARAGONA;AGRIGENTO;Sicilia;;2014;2014-06-07T13:39:30Z;2904362989;13.6224965;37.3912900999999
ARAGONA;AGRIGENTO;Sicilia;;2014;2014-06-07T13:39:30Z;2904362990;13.5956797999999;37.4275004
ARAGONA;AGRIGENTO;Sicilia;;2014;2014-06-07T13:39:30Z;2904362991;13.5976485999999;37.4274727
ARAGONA;AGRIGENTO;Sicilia;;2014;2014-06-07T13:39:30Z;2904362993;13.5990943;37.4305931
ARAGONA;AGRIGENTO;Sicilia;;2014;2014-06-07T13:39:30Z;2904362994;13.6137633;37.4119327
ARAGONA;AGRIGENTO;Sicilia;;2014;2014-06-07T13:39:30Z;2904362995;13.5962297;37.4240604
ARAGONA;AGRIGENTO;Sicilia;;2014;2014-06-07T13:39:30Z;2904362996;13.6154584;37.4146106999999
ARAGONA;AGRIGENTO;Sicilia;;2014;2014-06-07T13:39:30Z;2904362997;13.5980267;37.4302119
ARAGONA;AGRIGENTO;Sicilia;;2014;2014-06-07T13:39:30Z;2904362999;13.601924;37.4317325999999
ARAGONA;AGRIGENTO;Sicilia;;2014;2014-06-07T13:39:30Z;2904363000;13.6228452;37.3893593999999
ARAGONA;AGRIGENTO;Sicilia;;2014;2014-06-07T13:39:30Z;2904363601;13.6055610999999;37.4174162999999
ARAGONA;AGRIGENTO;Sicilia;;2014;2014-06-07T13:39:31Z;2904363602;13.6092893;37.4033209999999
ARAGONA;AGRIGENTO;Sicilia;;2014;2014-06-07T13:39:31Z;2904363603;13.6023827;37.4262352
ARAGONA;AGRIGENTO;Sicilia;;2014;2014-06-07T13:39:31Z;2904363604;13.5983807999999;37.4312065
ARAGONA;AGRIGENTO;Sicilia;;2014;2014-06-07T13:39:31Z;2904363607;13.6152224;37.4187371
ARAGONA;AGRIGENTO;Sicilia;;2014;2014-06-07T13:39:31Z;2904363608;13.6024363;37.4261052
CALTABELLOTTA;AGRIGENTO;Sicilia;;2013;2013-08-24T14:21:35Z;2430121242;13.2454769;37.5286173
FAVARA;AGRIGENTO;Sicilia;;2014;2014-06-07T13:39:30Z;2904362983;13.6460839;37.3826376
FAVARA;AGRIGENTO;Sicilia;;2014;2014-06-07T13:39:30Z;2904362992;13.6437665;37.3760709
FAVARA;AGRIGENTO;Sicilia;;2014;2014-06-07T13:39:30Z;2904362998;13.6436002;37.3709786
FAVARA;AGRIGENTO;Sicilia;;2014;2014-06-07T13:39:31Z;2904363606;13.6467329999999;37.3828080999999
CALTANISSETTA;CALTANISSETTA;Sicilia;Piscina Comunale;2012;2012-11-05T00:30:56Z;1998006739;14.0562655;37.4846052999999
CALTAGIRONE;CITTA' METROPOLITANA DI CATANIA;Sicilia;;2013;2013-05-25T10:03:23Z;2319390701;14.5163829;37.2132952999999
CALTAGIRONE;CITTA' METROPOLITANA DI CATANIA;Sicilia;;2013;2013-05-25T10:03:23Z;2319390721;14.5160798;37.2135451999999
CALTAGIRONE;CITTA' METROPOLITANA DI CATANIA;Sicilia;Piscina Comunale;2013;2013-06-12T11:02:11Z;2319390736;14.5166831999999;37.2136648999999
CATANIA;CITTA' METROPOLITANA DI CATANIA;Sicilia;;2012;2012-10-10T12:34:49Z;1956585248;14.9603736;37.4627239
ALGHERO;SASSARI;Sardegna;Piscina Comunale;2011;2011-02-15T18:13:37Z;1154787487;8.31322789999999;40.5822875
PORTO TORRES;SASSARI;Sardegna;Piscina;2013;2013-03-21T09:03:16Z;2129452799;8.4201314;40.8227836
SASSARI;SASSARI;Sardegna;;2013;2013-04-15T10:04:23Z;2268084205;8.5524467;40.7439589
MACOMER;NUORO;Sardegna;piscina;2013;2013-01-27T09:10:35Z;2130411303;8.7681658;40.2585377999999
CAGLIARI;CAGLIARI;Sardegna;Piscina Esperia;2012;2012-11-04T11:51:24Z;1996878006;9.1380248;39.2024374
CAGLIARI;CAGLIARI;Sardegna;Piscina Esperia;2012;2012-11-04T11:51:24Z;1996878006;9.1380248;39.2024374
CAGLIARI;CAGLIARI;Sardegna;Piscina Esperia;2012;2012-11-04T11:51:24Z;1996878006;9.1380248;39.2024374
CAGLIARI;CAGLIARI;Sardegna;RariNantes;2012;2012-11-07T13:34:32Z;2001270259;9.125299;39.2052680999999
CAGLIARI;CAGLIARI;Sardegna;RariNantes;2012;2012-11-07T13:34:32Z;2001270259;9.125299;39.2052680999999
CAGLIARI;CAGLIARI;Sardegna;RariNantes;2012;2012-11-07T13:34:32Z;2001270259;9.125299;39.2052680999999
MURAVERA;CAGLIARI;Sardegna;;2012;2012-11-05T17:41:10Z;1998940799;9.5615295;39.4256177999999
NURAMINIS;CAGLIARI;Sardegna;;2013;2013-12-31T14:37:21Z;2603322828;9.0060457;39.4483170999999
UTA;CAGLIARI;Sardegna;Piscina Comunale;2012;2012-03-21T18:25:46Z;1684964958;8.958147;39.2935094999999
UTA;CAGLIARI;Sardegna;Piscina Comunale;2012;2012-03-21T18:25:46Z;1684964958;8.958147;39.2935094999999
ELMAS;CAGLIARI;Sardegna;Piscina Atlantide;2011;2011-10-06T21:29:03Z;1457282141;9.0716641;39.259124
ELMAS;CAGLIARI;Sardegna;Piscina Atlantide;2011;2011-10-06T21:29:03Z;1457282141;9.0716641;39.259124
NURRI;CAGLIARI;Sardegna;;2012;2012-08-19T20:05:32Z;1873429553;9.25260409999999;39.7291183999999
ORROLI;CAGLIARI;Sardegna;Hotel Castellinaria Pool;2012;2012-08-19T19:27:11Z;1873335536;9.2753788;39.6797333
VENAFRO;ISERNIA;Molise;Los Cocos;2012;2012-09-28T16:52:26Z;1937030479;14.0367114999999;41.4804791999999
CATTOLICA;RIMINI;Emilia-Romagna;;2012;2012-04-09T16:06:36Z;1708768224;12.7380901;43.9612213999999
MISANO ADRIATICO;RIMINI;Emilia-Romagna;;2012;2012-01-29T15:02:43Z;1610577695;12.7181009;43.9723176999999
PRATO;PRATO;Toscana;Piscina Via Roma;2011;2011-12-14T11:53:39Z;753669504;11.0848724;43.8668969
CANNERO RIVIERA;VERBANIA;Piemonte;;2013;2013-01-06T11:12:27Z;2097780995;8.68770529999999;46.022987
CANNERO RIVIERA;VERBANIA;Piemonte;;2013;2013-01-08T20:56:16Z;2102073137;8.6825636;46.0205251
CANNOBIO;VERBANIA;Piemonte;;2012;2012-12-29T18:50:42Z;2087580126;8.6770187;46.0581071
CANNOBIO;VERBANIA;Piemonte;;2012;2012-12-29T18:56:25Z;2087584534;8.6915455;46.0684101
CANNOBIO;VERBANIA;Piemonte;;2012;2012-12-30T10:58:51Z;2088247813;8.6911983;46.0789252
CANNOBIO;VERBANIA;Piemonte;;2012;2012-12-30T11:31:10Z;2088286048;8.69057059999999;46.0802611
CANNOBIO;VERBANIA;Piemonte;;2012;2012-12-30T11:31:10Z;2088286053;8.6906766;46.0789039
CANNOBIO;VERBANIA;Piemonte;;2012;2012-12-30T11:35:43Z;2088294337;8.6901844;46.0779149
CANNOBIO;VERBANIA;Piemonte;;2012;2012-12-30T12:23:20Z;2088343658;8.6895262;46.0806473
CANNOBIO;VERBANIA;Piemonte;;2012;2012-12-30T12:23:20Z;2088343662;8.68910769999999;46.0801748
CANNOBIO;VERBANIA;Piemonte;;2012;2012-12-30T12:40:28Z;2088354732;8.68896679999999;46.0743536
CANNOBIO;VERBANIA;Piemonte;;2013;2013-01-03T10:08:22Z;2093175099;8.6904888;46.0816457999999
CANNOBIO;VERBANIA;Piemonte;;2013;2013-01-04T15:52:03Z;2095072297;8.6828552;46.0621955
CANNOBIO;VERBANIA;Piemonte;;2013;2013-01-04T16:57:36Z;2095172843;8.68639029999999;46.0606693
CANNOBIO;VERBANIA;Piemonte;;2013;2013-01-04T17:29:18Z;2095212927;8.6845181;46.0636602
CANNOBIO;VERBANIA;Piemonte;;2013;2013-01-04T17:29:20Z;2095213150;8.6846602;46.0640622
CANNOBIO;VERBANIA;Piemonte;;2013;2013-01-04T17:36:58Z;2095241097;8.6842176;46.0641831
CANNOBIO;VERBANIA;Piemonte;;2013;2013-01-04T20:30:23Z;2095452430;8.689043;46.0667791999999
CANNOBIO;VERBANIA;Piemonte;;2013;2013-01-05T11:18:19Z;2096062837;8.68556959999999;46.0588956
CANNOBIO;VERBANIA;Piemonte;;2013;2013-01-06T21:02:24Z;2098844723;8.7063335;46.0401724999999
CANNOBIO;VERBANIA;Piemonte;;2013;2013-01-06T21:46:29Z;2098911892;8.70610289999999;46.0521654
CANNOBIO;VERBANIA;Piemonte;;2013;2013-01-06T21:46:31Z;2098911982;8.70550489999999;46.0526568
CANNOBIO;VERBANIA;Piemonte;;2013;2013-01-07T18:05:57Z;2100250093;8.70308009999999;46.0568821999999
CANNOBIO;VERBANIA;Piemonte;;2013;2013-01-07T18:10:00Z;2100253161;8.70199369999999;46.0576768
CANNOBIO;VERBANIA;Piemonte;;2013;2013-01-07T18:11:46Z;2100256701;8.7019535;46.0584567
GHIFFA;VERBANIA;Piemonte;;2012;2012-12-28T11:46:03Z;2085652894;8.6076884;45.9525233999999
GHIFFA;VERBANIA;Piemonte;;2012;2012-12-28T13:41:05Z;2085783545;8.6022998;45.9496365999999
GHIFFA;VERBANIA;Piemonte;;2012;2012-12-28T13:44:10Z;2085787616;8.6000682;45.9457014999999
GHIFFA;VERBANIA;Piemonte;;2012;2012-12-28T13:52:27Z;2085795361;8.60903489999999;45.9517177999999
GHIFFA;VERBANIA;Piemonte;;2012;2012-12-28T13:56:46Z;2085797810;8.6149223;45.9567713
GHIFFA;VERBANIA;Piemonte;;2012;2012-12-29T10:42:18Z;2086967221;8.6206622;45.9653015
GHIFFA;VERBANIA;Piemonte;;2012;2012-12-29T10:47:47Z;2086972443;8.6213194;45.965887
GHIFFA;VERBANIA;Piemonte;;2012;2012-12-29T16:19:55Z;2087389821;8.59748259999999;45.9458040999999
GHIFFA;VERBANIA;Piemonte;;2012;2012-12-29T16:48:01Z;2087433086;8.5944973;45.9469958
GHIFFA;VERBANIA;Piemonte;;2012;2012-12-29T16:55:43Z;2087443485;8.59601269999999;45.950183
GHIFFA;VERBANIA;Piemonte;;2012;2012-12-29T17:16:01Z;2087471271;8.5944517;45.9503303999999
GHIFFA;VERBANIA;Piemonte;;2012;2012-12-29T17:16:02Z;2087471320;8.5954414;45.9519919999999
TRAREGO VIGGIONA;VERBANIA;Piemonte;;2013;2013-01-05T21:33:48Z;2097044646;8.6893253;46.025626
TRAREGO VIGGIONA;VERBANIA;Piemonte;;2013;2013-01-05T21:34:31Z;2097046315;8.6924528;46.0258271
TRAREGO VIGGIONA;VERBANIA;Piemonte;;2013;2013-01-07T19:31:20Z;2100378539;8.69417269999999;46.0316375
TRAREGO VIGGIONA;VERBANIA;Piemonte;;2013;2013-01-07T19:38:11Z;2100382522;8.694485;46.0309569
TRAREGO VIGGIONA;VERBANIA;Piemonte;;2013;2013-01-07T19:43:18Z;2100391848;8.6950509;46.0312399
TRAREGO VIGGIONA;VERBANIA;Piemonte;;2013;2013-01-07T19:43:18Z;2100391863;8.6972825;46.0316943999999
TRAREGO VIGGIONA;VERBANIA;Piemonte;;2013;2013-01-07T19:47:24Z;2100395558;8.6996187;46.0322046
TRAREGO VIGGIONA;VERBANIA;Piemonte;;2013;2013-01-07T19:47:24Z;2100395571;8.6982722;46.0315397999999
TRAREGO VIGGIONA;VERBANIA;Piemonte;;2013;2013-01-07T19:47:25Z;2100395587;8.6980684;46.0323609
TRAREGO VIGGIONA;VERBANIA;Piemonte;;2013;2013-01-07T19:47:25Z;2100395598;8.6997474;46.0318060999999
TRAREGO VIGGIONA;VERBANIA;Piemonte;;2013;2013-01-07T19:53:15Z;2100402919;8.6935593;46.0297910999999
BUDONI;OLBIA-TEMPIO;Sardegna;;2012;2012-09-13T14:57:50Z;1726645225;9.7120856;40.7089158
GOLFO ARANCI;OLBIA-TEMPIO;Sardegna;;2014;2014-03-24T09:01:29Z;2739056193;9.5790249;40.9756888
GOLFO ARANCI;OLBIA-TEMPIO;Sardegna;;2014;2014-03-24T09:05:01Z;2739057508;9.5772118;40.9758264999999
PALAU;OLBIA-TEMPIO;Sardegna;;2011;2011-09-17T20:21:04Z;1435824820;9.41768839999999;41.1687286
TEMPIO PAUSANIA;OLBIA-TEMPIO;Sardegna;;2013;2013-03-01T16:47:38Z;2180062813;9.09536029999999;40.9119581
CARBONIA;CARBONIA IGLESIAS;Sardegna;Piscina Comunale;2012;2012-03-27T20:14:04Z;1693743770;8.5177481;39.1665053999999
VAREDO;MONZA-BRIANZA;Lombardia;Piscina Lido Azzurro;2012;2012-12-13T00:27:20Z;1826474158;9.1630574;45.5949424
